<?xml version="1.0" encoding="UTF-8"?>
<project-private xmlns="http://www.netbeans.org/ns/project-private/1">
    <editor-bookmarks xmlns="http://www.netbeans.org/ns/editor-bookmarks/2" lastBookmarkId="0"/>
    <open-files xmlns="http://www.netbeans.org/ns/projectui-open-files/2">
        <group>
            <file>file:/E:/NetBeansProjects/AutomaticDatabaseUpdater/src/automaticdatabaseupdater/MainWindowController.java</file>
            <file>file:/E:/NetBeansProjects/AutomaticDatabaseUpdater/src/controllers/FileHandler.java</file>
            <file>file:/E:/NetBeansProjects/AutomaticDatabaseUpdater/src/controllers/DatabaseHandler.java</file>
            <file>file:/E:/NetBeansProjects/AutomaticDatabaseUpdater/src/controllers/ETLController.java</file>
            <file>file:/E:/NetBeansProjects/AutomaticDatabaseUpdater/src/automaticdatabaseupdater/AutomaticDatabaseUpdater.java</file>
        </group>
    </open-files>
</project-private>
